Speed (Assumption),Torque (Assumption),Time,SOC,OCV
50,7,10,100,36
50,-7,20,90,33
100,7,5,80,30
100,-7,2,70,28
150,7,7,60,26.5
150,-7,6,50,25.4
200,7,9,40,24.3
200,-7,13,30,22
250,7,1,20,18
250,-7,5,10,12
300,7,6,0,0
300,-7,4,,
350,6.824385805,3,,
350,-6.824385805,2,,
400,5.97133758,2,,
400,-5.97133758,10,,
450,5.307855626,11,,
450,-5.307855626,12,,
500,4.777070064,11,,
500,-4.777070064,1,,
550,4.342790967,1,,
550,-4.342790967,2,,
600,3.98089172,2,,
600,-3.98089172,2,,
