Speed (Assumption),Torque (Assumption),Time,SOC,OCV
50,7,0.1,100,36
100,7,0.2,90,33
150,7,0.2,80,30
200,7,0.3,70,28
250,7,0.3,60,26.5
300,7,0.4,50,25.4
350,6.824385805,0.3,40,24.3
400,5.97133758,0.2,30,22
450,5.307855626,0.4,20,18
500,4.777070064,0.5,10,12
550,4.342790967,0.5,0,0
600,3.98089172,1,,
