Speed (Assumption),Torque (Assumption),Time,SOC,OCV
50,7,0.5,100,36
100,7,1,90,33
150,7,1.5,80,30
200,7,0.5,70,28
250,7,0.5,60,26.5
300,7,0.5,50,25.4
350,6.824385805,1,40,24.3
400,5.97133758,1.5,30,22
450,5.307855626,1,20,18
500,4.777070064,0.5,10,12
550,4.342790967,0.5,0,0
600,3.98089172,1,,
